{"cameraMode":{"drawMode":0,"name":"Shaded","section":"Shading Mode"},"sceneLighting":false,"audioPlay":false,"sceneViewState":{"m_AlwaysRefresh":false,"showFog":true,"showSkybox":false,"showFlares":true,"showImageEffects":true,"showParticleSystems":true,"showVisualEffectGraphs":true,"m_FxEnabled":true},"in2DMode":false,"pivot":{"x":2.814211368560791,"y":5.786554336547852,"z":3.0535192489624025},"rotation":{"x":-0.0069563440047204498,"y":0.9929702281951904,"z":0.07880272716283798,"w":0.08840402215719223},"size":1.561402678489685,"orthographic":false}