{"cameraMode":{"drawMode":0,"name":"Shaded","section":"Shading Mode"},"sceneLighting":false,"audioPlay":false,"sceneViewState":{"m_AlwaysRefresh":false,"showFog":true,"showSkybox":false,"showFlares":true,"showImageEffects":true,"showParticleSystems":true,"showVisualEffectGraphs":true,"m_FxEnabled":true},"in2DMode":false,"pivot":{"x":2.9802322387695315e-8,"y":3.5762786865234377e-7,"z":-1.9371509552001954e-7},"rotation":{"x":0.010104918852448464,"y":0.9791184067726135,"z":-0.050281863659620288,"w":0.1967446655035019},"size":0.7899006009101868,"orthographic":false}